,items,comp
489,"Annual freshwater withdrawals, domestic (% of total freshwater withdrawal)",-1.1600303649902344
613,Wholesale price index (2010 = 100),-1.144315481185913
988,"Labor force participation rate, male (% of male population ages 15+) (national estimate)",-1.0287251472473145
41,Rural poverty gap at national poverty lines (%),-1.027154564857483
999,Labor force with intermediate education (% of total working-age population with intermediate education),-1.022910237312317
1122,"Merchandise imports by the reporting economy, residual (% of total merchandise imports)",-1.020196557044983
995,"Labor force with advanced education, male (% of male working-age population with advanced education)",-0.9302350282669067
1000,"Labor force with intermediate education, female (% of female working-age population with intermediate education)",-0.8897518515586853
991,"Labor force participation rate, total (% of total population ages 15+) (national estimate)",-0.8730251789093018
1047,Urban poverty gap at national poverty lines (%),-0.8119962215423584
1127,Merchandise imports from low- and middle-income economies in Latin America & the Caribbean (% of total merchandise imports),-0.7809268236160278
223,"Insurance and financial services (% of service exports, BoP)",-0.7570571899414062
968,"Employment to population ratio, 15+, male (%) (national estimate)",-0.7533965706825256
603,Real effective exchange rate index (2010 = 100),-0.7310799956321716
373,"Primary education, duration (years)",-0.730755627155304
106,External debt stocks (% of GNI),-0.7281103134155273
225,Interest payments on external debt (% of GNI),-0.7271398305892944
993,Labor force with advanced education (% of total working-age population with advanced education),-0.7127196192741394
970,"Employment to population ratio, 15+, total (%) (national estimate)",-0.7092394232749939
410,"School enrollment, secondary, private (% of total secondary)",-0.6957259178161621
723,Completeness of infant death reporting (% of reported infant deaths to estimated infant deaths),-0.6884315609931946
716,"Community health workers (per 1,000 people)",-0.6830661296844482
986,"Labor force participation rate, female (% of female population ages 15+) (national estimate)",-0.6789228916168213
1001,"Labor force with intermediate education, male (% of male working-age population with intermediate education)",-0.6328667998313904
1146,"Tariff rate, applied, weighted mean, primary products (%)",-0.6274771690368652
94,Exports of goods and services (% of GDP),-0.6174325942993164
1017,"Unemployment with intermediate education, male (% of male labor force with intermediate education)",-0.6085638999938965
564,"Water productivity, total (constant 2010 US$ GDP per cubic meter of total freshwater withdrawal)",-0.6046209931373596
573,Broad money to total reserves ratio,-0.5992191433906555
35,Rural land area where elevation is below 5 meters (% of total land area),-0.5976543426513672
40,Rural population living in areas where elevation is below 5 meters (% of total population),-0.5877331495285034
284,Trade (% of GDP),-0.5872406363487244
883,Use of insecticide-treated bed nets (% of under-5 population),-0.5838505029678345
805,"Population ages 25-29, male (% of male population)",-0.5803495645523071
628,"Condom use, population ages 15-24, female (% of females ages 15-24)",-0.5771080851554871
967,"Employment to population ratio, 15+, female (%) (national estimate)",-0.5407359600067139
525,Nitrous oxide emissions (% change from 1990),-0.5347956418991089
102,External balance on goods and services (% of GDP),-0.5267130136489868
485,Time required to get electricity (days),-0.5262899398803711
722,Completeness of death registration with cause-of-death information (%),-0.5242093801498413
207,Imports of goods and services (% of GDP),-0.5234941244125366
354,Lower secondary school starting age (years),-0.5208728313446045
236,"Net capital account (BoP, current US$)",-0.5168983340263367
1152,"Tariff rate, most favored nation, weighted mean, primary products (%)",-0.5020617246627808
458,"Electricity production from oil, gas and coal sources (% of total)",-0.49882298707962036
985,"Labor force participation rate for ages 15-24, total (%) (national estimate)",-0.4984245300292969
992,"Labor force participation rate, total (% of total population ages 15-64) (modeled ILO estimate)",-0.49403566122055054
983,"Labor force participation rate for ages 15-24, male (%) (national estimate)",-0.4906471371650696
1062,Average time to clear exports through customs (days),-0.4884406328201294
459,"Electricity production from renewable sources, excluding hydroelectric (% of total)",-0.48670119047164917
580,Consumer price index (2010 = 100),-0.47509798407554626
402,"School enrollment, primary, private (% of total primary)",-0.4739244282245636
942,"Children in employment, wage workers, male (% of male children in employment, ages 7-14)",-0.4698988199234009
1106,Manufactures imports (% of merchandise imports),-0.46701085567474365
643,Female headed households (% of households with a female head),-0.46411439776420593
940,"Children in employment, wage workers (% of children in employment, ages 7-14)",-0.4630938768386841
997,"Labor force with basic education, female (% of female working-age population with basic education)",-0.4612693190574646
1040,Poverty gap at national poverty lines (%),-0.4608519673347473
1074,"Cost to export, documentary compliance (US$)",-0.4590049684047699
662,Mothers are guaranteed an equivalent position after maternity leave (1=yes; 0=no),-0.4534465968608856
464,Energy use (kg of oil equivalent per capita),-0.45198166370391846
478,Oil rents (% of GDP),-0.44952166080474854
1124,Merchandise imports from high-income economies (% of total merchandise imports),-0.4431604743003845
498,CO2 emissions (metric tons per capita),-0.43979141116142273
39,Rural population growth (annual %),-0.4379724860191345
923,"Average working hours of children, working only, female, ages 7-14 (hours per week)",-0.4341309666633606
288,"Travel services (% of service exports, BoP)",-0.4333692193031311
1077,Customs and other import duties (% of tax revenue),-0.42837923765182495
804,"Population ages 25-29, female (% of female population)",-0.4249423146247864
981,"Labor force participation rate for ages 15-24, female (%) (national estimate)",-0.41768741607666016
1084,Insurance and financial services (% of commercial service exports),-0.4142792224884033
653,Legislation exists on domestic violence (1=yes; 0=no),-0.4135372042655945
989,"Labor force participation rate, male (% of male population ages 15-64) (modeled ILO estimate)",-0.4116176962852478
912,Secure Internet servers (per 1 million people),-0.4097937345504761
250,Other manufacturing (% of value added in manufacturing),-0.40945956110954285
285,Trade in services (% of GDP),-0.40885117650032043
1092,"International tourism, receipts (% of total exports)",-0.403154194355011
972,"Employment to population ratio, ages 15-24, male (%) (national estimate)",-0.40127235651016235
916,Adequacy of social protection and labor programs (% of total welfare of beneficiary households),-0.40101179480552673
990,"Labor force participation rate, total (% of total population ages 15+) (modeled ILO estimate)",-0.39835619926452637
646,Firms with female top manager (% of firms),-0.39703047275543213
453,Electricity production from coal sources (% of total),-0.3943615257740021
16,Arable land (hectares per person),-0.3884219527244568
682,Teenage mothers (% of women ages 15-19 who have had children or are currently pregnant),-0.3858175575733185
451,Electric power consumption (kWh per capita),-0.3856710195541382
534,"People practicing open defecation, urban (% of urban population)",-0.3835681080818176
1029,GINI index (World Bank estimate),-0.3818897008895874
996,Labor force with basic education (% of total working-age population with basic education),-0.3808586001396179
987,"Labor force participation rate, female (% of female population ages 15-64) (modeled ILO estimate)",-0.38063138723373413
1080,Food exports (% of merchandise exports),-0.3777661919593811
1149,"Tariff rate, most favored nation, simple mean, primary products (%)",-0.37496626377105713
272,"Short-term debt (% of exports of goods, services and primary income)",-0.3740490674972534
62,Adjusted savings: energy depletion (% of GNI),-0.37129056453704834
1144,"Tariff rate, applied, weighted mean, all products (%)",-0.3667614459991455
969,"Employment to population ratio, 15+, total (%) (modeled ILO estimate)",-0.36572539806365967
552,Renewable internal freshwater resources per capita (cubic meters),-0.36559733748435974
647,"Labor force participation rate, female (% of female population ages 15+) (modeled ILO estimate)",-0.3647095263004303
882,Unmet need for contraception (% of married women ages 15-49),-0.3634450435638428
269,"Services, value added (% of GDP)",-0.3586624264717102
1073,"Cost to export, border compliance (US$)",-0.35815298557281494
1032,Income share held by highest 20%,-0.3571661114692688
1111,Merchandise exports to high-income economies (% of total merchandise exports),-0.35709860920906067
941,"Children in employment, wage workers, female (% of female children in employment, ages 7-14)",-0.35544276237487793
170,Gross domestic savings (% of GDP),-0.3515244722366333
516,Land area where elevation is below 5 meters (% of total land area),-0.34976518154144287
42,Rural poverty headcount ratio at national poverty lines (% of rural population),-0.3493759036064148
463,Energy related methane emissions (% of total),-0.34697115421295166
18,Average precipitation in depth (mm per year),-0.3385711908340454
998,"Labor force with basic education, male (% of male working-age population with basic education)",-0.3367201089859009
579,"Commercial bank branches (per 100,000 adults)",-0.3332267701625824
1133,Merchandise trade (% of GDP),-0.3318904638290405
627,"Children in employment, work only, male (% of male children in employment, ages 7-14)",-0.33079904317855835
650,Law mandates nondiscrimination based on gender in hiring (1=yes; 0=no),-0.3285205066204071
1145,"Tariff rate, applied, weighted mean, manufactured products (%)",-0.3247222900390625
637,"Employment in services, female (% of female employment) (modeled ILO estimate)",-0.322055846452713
1150,"Tariff rate, most favored nation, weighted mean, all products (%)",-0.3217579126358032
577,Claims on other sectors of the domestic economy (annual growth as % of broad money),-0.31679993867874146
550,Population living in areas where elevation is below 5 meters (% of total population),-0.31514281034469604
1161,Travel services (% of commercial service imports),-0.31412291526794434
590,International migrant stock (% of population),-0.3136874735355377
690,"Women making their own informed decisions regarding sexual relations, contraceptive use and reproductive health care  (% of women age 15-49)",-0.31201982498168945
375,"Primary education, pupils (% female)",-0.309837281703949
306,"Current education expenditure, total (% of total expenditure in public institutions)",-0.30911803245544434
639,"Employment to population ratio, 15+, female (%) (modeled ILO estimate)",-0.30854350328445435
1003,Ratio of female to male labor force participation rate (%) (modeled ILO estimate),-0.3072652816772461
1160,Travel services (% of commercial service exports),-0.30566251277923584
711,"Cause of death, by injury (% of total)",-0.3031034469604492
836,Population growth (annual %),-0.3029436469078064
280,Total debt service (% of GNI),-0.30168843269348145
558,Total greenhouse gas emissions (% change from 1990),-0.3000783622264862
532,People practicing open defecation (% of population),-0.2986072897911072
974,"Employment to population ratio, ages 15-24, total (%) (national estimate)",-0.29760414361953735
26,Fertilizer consumption (kilograms per hectare of arable land),-0.2958427667617798
1109,"Merchandise exports by the reporting economy, residual (% of total merchandise exports)",-0.29574739933013916
289,"Travel services (% of service imports, BoP)",-0.29534482955932617
698,Women who were first married by age 15 (% of women ages 20-24),-0.29512959718704224
1031,Income share held by highest 10%,-0.2931242883205414
310,"Educational attainment, at least Bachelor's or equivalent, population 25+, female (%) (cumulative)",-0.2925868332386017
610,Strength of legal rights index (0=weak to 12=strong),-0.29245835542678833
533,"People practicing open defecation, rural (% of rural population)",-0.288237988948822
224,"Insurance and financial services (% of service imports, BoP)",-0.2788807153701782
279,Textiles and clothing (% of value added in manufacturing),-0.27810171246528625
1151,"Tariff rate, most favored nation, weighted mean, manufactured products (%)",-0.27713656425476074
358,"Over-age students, primary (% of enrollment)",-0.2745289206504822
1012,Unemployment with basic education (% of total labor force with basic education),-0.27121663093566895
412,"School enrollment, tertiary (gross), gender parity index (GPI)",-0.2708711624145508
840,"Population, male (% of total)",-0.2686383128166199
604,Real interest rate (%),-0.267821729183197
518,Methane emissions (% change from 1990),-0.2665485143661499
339,"Gross intake ratio in first grade of primary education, female (% of relevant age group)",-0.2646152377128601
335,"Government expenditure on education, total (% of government expenditure)",-0.2645726799964905
907,"Quality of port infrastructure, WEF (1=extremely underdeveloped to 7=well developed and efficient by international standards)",-0.2643062472343445
803,"Population ages 20-24, male (% of male population)",-0.2623654007911682
640,"Employment to population ratio, 15+, male (%) (modeled ILO estimate)",-0.2616484761238098
688,"Wage and salaried workers, male (% of male employment) (modeled ILO estimate)",-0.26155245304107666
994,"Labor force with advanced education, female (% of female working-age population with advanced education)",-0.2594532370567322
971,"Employment to population ratio, ages 15-24, female (%) (national estimate)",-0.25595569610595703
648,"Labor force participation rate, male (% of male population ages 15+) (modeled ILO estimate)",-0.2545362710952759
104,External balance on goods and services (current LCU),-0.25180935859680176
499,"CO2 emissions from electricity and heat production, total (% of total fuel combustion)",-0.2510800063610077
135,"GDP per capita, PPP (current international $)",-0.24868988990783691
689,Wanted fertility rate (births per woman),-0.24857382476329803
976,GDP per person employed (constant 2011 PPP $),-0.24743635952472687
1027,"Annualized average growth rate in per capita real survey mean consumption or income, bottom 40% of population (%)",-0.2448936104774475
505,CO2 emissions from solid fuel consumption (% of total),-0.24476328492164612
544,People using safely managed sanitation services (% of population),-0.2444528341293335
311,"Educational attainment, at least Bachelor's or equivalent, population 25+, male (%) (cumulative)",-0.2443283498287201
359,"Over-age students, primary, female (% of female enrollment)",-0.24420927464962006
714,Children (ages 0-14) newly infected with HIV,-0.2438667118549347
1123,Merchandise imports from economies in the Arab World (% of total merchandise imports),-0.24302555620670319
922,"Average working hours of children, working only, ages 7-14 (hours per week)",-0.24241125583648682
586,Domestic credit to private sector by banks (% of GDP),-0.24206480383872986
943,"Children in employment, work only (% of children in employment, ages 7-14)",-0.24188604950904846
663,Nondiscrimination clause mentions gender in the constitution (1=yes; 0=no),-0.2391737997531891
360,"Over-age students, primary, male (% of male enrollment)",-0.2386954128742218
691,"Women participating in the three decisions (own health care, major household purchases, and visiting family) (% of women age 15-49)",-0.238350510597229
1072,"Computer, communications and other services (% of commercial service imports)",-0.23702961206436157
305,"Current education expenditure, tertiary (% of total expenditure in tertiary public institutions)",-0.23695285618305206
391,"School enrollment, preprimary (% gross)",-0.23632831871509552
390,"Repeaters, primary, total (% of total enrollment)",-0.23575332760810852
129,GDP per capita (constant 2010 US$),-0.23522257804870605
672,Proportion of seats held by women in national parliaments (%),-0.23471836745738983
476,Nitrous oxide emissions in energy sector (% of total),-0.23398438096046448
713,Children (0-14) living with HIV,-0.23395639657974243
1154,"Time to export, border compliance (hours)",-0.2336631715297699
642,"Employment to population ratio, ages 15-24, male (%) (modeled ILO estimate)",-0.23052571713924408
1026,"Wage and salaried workers, total (% of total employment) (modeled ILO estimate)",-0.2295956313610077
1164,Population in the largest city (% of urban population),-0.22568443417549133
687,"Wage and salaried workers, female (% of female employment) (modeled ILO estimate)",-0.2247868925333023
1085,Insurance and financial services (% of commercial service imports),-0.22326470911502838
392,"School enrollment, preprimary, female (% gross)",-0.22090615332126617
1114,Merchandise exports to low- and middle-income economies in Latin America & the Caribbean (% of total merchandise exports),-0.21895287930965424
134,"GDP per capita, PPP (constant 2011 international $)",-0.21778354048728943
298,"Children out of school, male (% of male primary school age)",-0.21547578275203705
1169,Urban population growth (annual %),-0.21376177668571472
188,Gross savings (% of GNI),-0.21305140852928162
733,Diarrhea treatment (% of children under 5 who received ORS packet),-0.2118474245071411
491,"Annual freshwater withdrawals, total (% of internal resources)",-0.2113824188709259
312,"Educational attainment, at least Bachelor's or equivalent, population 25+, total (%) (cumulative)",-0.21110133826732635
86,"Communications, computer, etc. (% of service imports, BoP)",-0.21082144975662231
149,"GNI per capita, PPP (constant 2011 international $)",-0.2092444747686386
132,GDP per capita (current US$),-0.20876538753509521
393,"School enrollment, preprimary, male (% gross)",-0.20738044381141663
389,"Repeaters, primary, male (% of male enrollment)",-0.20700210332870483
807,"Population ages 30-34, male (% of male population)",-0.2067718207836151
568,Bank nonperforming loans to total gross loans (%),-0.20596468448638916
388,"Repeaters, primary, female (% of female enrollment)",-0.20590242743492126
966,Employment in services (% of total employment) (modeled ILO estimate),-0.20535612106323242
259,Price level ratio of PPP conversion factor (GDP) to market exchange rate,-0.20471405982971191
1013,"Unemployment with basic education, female (% of female labor force with basic education)",-0.2038382887840271
257,"Portfolio equity, net inflows (BoP, current US$)",-0.20277464389801025
551,Population living in slums (% of urban population),-0.20214813947677612
1168,Urban population (% of total),-0.2002759873867035
783,Out-of-pocket expenditure per capita (current US$),-0.2000439465045929
915,Adequacy of social insurance programs (% of total welfare of beneficiary households),-0.19939418137073517
594,Market capitalization of listed domestic companies (% of GDP),-0.19872614741325378
633,"Employers, female (% of female employment) (modeled ILO estimate)",-0.19724422693252563
605,"Risk premium on lending (lending rate minus treasury bill rate, %)",-0.19607160985469818
784,"Out-of-pocket expenditure per capita, PPP (current international $)",-0.1960378736257553
383,"Pupil-teacher ratio, preprimary",-0.19530349969863892
740,Domestic private health expenditure per capita (current US$),-0.19289301335811615
1004,Ratio of female to male labor force participation rate (%) (national estimate),-0.1898002177476883
702,Adults (ages 15+) and children (ages 0-14) newly infected with HIV,-0.1896502673625946
396,"School enrollment, primary (gross), gender parity index (GPI)",-0.1889449656009674
982,"Labor force participation rate for ages 15-24, male (%) (modeled ILO estimate)",-0.18875858187675476
599,"Official exchange rate (LCU per US$, period average)",-0.1879141479730606
398,"School enrollment, primary, female (% gross)",-0.187905952334404
1162,Population density (people per sq. km of land area),-0.18781538307666779
51,Adjusted net national income per capita (current US$),-0.18581053614616394
450,Delay in obtaining an electrical connection (days),-0.18536701798439026
903,Mobile cellular subscriptions (per 100 people),-0.18448026478290558
155,General government final consumption expenditure (annual % growth),-0.18315470218658447
614,"Adolescent fertility rate (births per 1,000 women ages 15-19)",-0.18010488152503967
148,"GNI per capita, Atlas method (current US$)",-0.17901381850242615
741,"Domestic private health expenditure per capita, PPP (current international $)",-0.17732441425323486
150,"GNI per capita, PPP (current international $)",-0.17607778310775757
1096,"Lead time to export, median case (days)",-0.17564494907855988
228,"Manufacturing, value added (% of GDP)",-0.17320682108402252
510,Coal rents (% of GDP),-0.16960708796977997
1101,Logistics performance index: Efficiency of customs clearance process (1=low to 5=high),-0.1695292592048645
973,"Employment to population ratio, ages 15-24, total (%) (modeled ILO estimate)",-0.16950011253356934
802,"Population ages 20-24, female (% of female population)",-0.1686980128288269
397,"School enrollment, primary and secondary (gross), gender parity index (GPI)",-0.1677476316690445
363,"Persistence to grade 5, total (% of cohort)",-0.167286679148674
629,"Condom use, population ages 15-24, male (% of males ages 15-24)",-0.1665937751531601
296,Children out of school (% of primary school age),-0.16657982766628265
144,GNI per capita (constant 2010 US$),-0.1651211380958557
578,Claims on private sector (annual growth as % of broad money),-0.16470937430858612
394,"School enrollment, primary (% gross)",-0.1645222008228302
736,Domestic general government health expenditure (% of general government expenditure),-0.1644892394542694
984,"Labor force participation rate for ages 15-24, total (%) (modeled ILO estimate)",-0.16447122395038605
527,Other greenhouse gas emissions (% change from 1990),-0.16391430795192719
1046,"Survey mean consumption or income per capita, total population (2011 PPP $ per day)",-0.1626499593257904
222,"Inflation, consumer prices (annual %)",-0.16245220601558685
927,Benefit incidence of social safety net programs to poorest quintile (% of total safety net benefits),-0.1614065170288086
806,"Population ages 30-34, female (% of female population)",-0.16139008104801178
641,"Employment to population ratio, ages 15-24, female (%) (modeled ILO estimate)",-0.1611894965171814
386,"Pupil-teacher ratio, tertiary",-0.16089904308319092
926,Benefit incidence of social protection and labor programs to poorest quintile (% of total SPL benefits),-0.16043826937675476
570,Broad money (% of GDP),-0.1602814644575119
1014,"Unemployment with basic education, male (% of male labor force with basic education)",-0.16002961993217468
419,"Secondary education, pupils (% female)",-0.15882183611392975
620,"Child employment in services, female (% of female economically active children ages 7-14)",-0.158574178814888
703,Adults (ages 15+) newly infected with HIV,-0.15612086653709412
931,Child employment in services (% of economically active children ages 7-14),-0.1552753746509552
1116,Merchandise exports to low- and middle-income economies in South Asia (% of total merchandise exports),-0.15503881871700287
895,Individuals using the Internet (% of population),-0.15311183035373688
405,"School enrollment, secondary (gross), gender parity index (GPI)",-0.15042820572853088
735,Domestic general government health expenditure (% of current health expenditure),-0.15026314556598663
361,"Persistence to grade 5, female (% of cohort)",-0.1467127501964569
576,Claims on other sectors of the domestic economy (% of GDP),-0.1463521122932434
186,Gross national expenditure deflator (base year varies by country),-0.14620926976203918
877,"Total alcohol consumption per capita, female (liters of pure alcohol, projected estimates, female 15+ years of age)",-0.1438778042793274
187,Gross savings (% of GDP),-0.14374679327011108
1155,"Time to export, documentary compliance (hours)",-0.14332881569862366
1045,"Survey mean consumption or income per capita, bottom 40% of population (2011 PPP $ per day)",-0.14312314987182617
362,"Persistence to grade 5, male (% of cohort)",-0.14211143553256989
1075,"Cost to import, border compliance (US$)",-0.1420651376247406
952,Coverage of social safety net programs (% of population),-0.14055132865905762
1110,Merchandise exports to economies in the Arab World (% of total merchandise exports),-0.1401757001876831
200,Households and NPISHs Final consumption expenditure per capita (constant 2010 US$),-0.13945278525352478
163,Gross capital formation (% of GDP),-0.13864271342754364
956,Coverage of social safety net programs in poorest quintile (% of population),-0.13776752352714539
953,Coverage of social safety net programs in 2nd quintile (% of population),-0.13717082142829895
585,Domestic credit to private sector (% of GDP),-0.1368875503540039
1147,"Tariff rate, most favored nation, simple mean, all products (%)",-0.1355157047510147
955,Coverage of social safety net programs in 4th quintile (% of population),-0.13514947891235352
417,"Secondary education, general pupils (% female)",-0.13354818522930145
347,"Literacy rate, youth (ages 15-24), gender parity index (GPI)",-0.13291949033737183
584,Domestic credit provided by financial sector (% of GDP),-0.1328473687171936
738,"Domestic general government health expenditure per capita, PPP (current international $)",-0.13275830447673798
749,"Immunization, HepB3 (% of one-year-old children)",-0.13249537348747253
1044,Poverty headcount ratio at national poverty lines (% of population),-0.13208359479904175
980,"Labor force participation rate for ages 15-24, female (%) (modeled ILO estimate)",-0.13097500801086426
1143,"Tariff rate, applied, simple mean, primary products (%)",-0.13095012307167053
546,"People using safely managed sanitation services, urban (% of urban population)",-0.13008344173431396
729,"Current health expenditure per capita, PPP (current international $)",-0.12930312752723694
331,Expenditure on primary education (% of government expenditure on education),-0.12922589480876923
892,Fixed telephone subscriptions (per 100 people),-0.12708473205566406
50,Adjusted net national income per capita (constant 2010 US$),-0.12692739069461823
569,"Borrowers from commercial banks (per 1,000 adults)",-0.12634585797786713
28,Forest area (% of land area),-0.1257781833410263
737,Domestic general government health expenditure per capita (current US$),-0.12542091310024261
876,"Total alcohol consumption per capita (liters of pure alcohol, projected estimates, 15+ years of age)",-0.1254037618637085
954,Coverage of social safety net programs in 3rd quintile (% of population),-0.1252170205116272
457,Electricity production from oil sources (% of total),-0.12315039336681366
297,"Children out of school, female (% of female primary school age)",-0.12220591306686401
978,"Informal employment, female (% of total non-agricultural employment)",-0.12190774083137512
920,"Average working hours of children, study and work, female, ages 7-14 (hours per week)",-0.12186000496149063
1048,Urban poverty headcount ratio at national poverty lines (% of urban population),-0.11992409080266953
814,"Population ages 5-9, female (% of female population)",-0.11964623630046844
295,"Adolescents out of school, male (% of male lower secondary school age)",-0.11887039244174957
975,Female share of employment in senior and middle management (%),-0.11743555217981339
342,"Labor force, female (% of total labor force)",-0.11737097799777985
964,"Employers, total (% of total employment) (modeled ILO estimate)",-0.11670225113630295
496,CO2 emissions (kg per PPP $ of GDP),-0.11582209914922714
621,"Child employment in services, male (% of male economically active children ages 7-14)",-0.11545973271131516
565,"Automated teller machines (ATMs) (per 100,000 adults)",-0.11532268673181534
495,CO2 emissions (kg per 2011 PPP $ of GDP),-0.11270147562026978
683,"Unemployment, youth female (% of female labor force ages 15-24) (modeled ILO estimate)",-0.11267811059951782
787,"Population ages 0-14, female (% of total)",-0.11159130930900574
638,"Employment in services, male (% of male employment) (modeled ILO estimate)",-0.11054657399654388
1148,"Tariff rate, most favored nation, simple mean, manufactured products (%)",-0.11052045971155167
87,Current account balance (% of GDP),-0.10839539021253586
338,"Government expenditure per student, tertiary (% of GDP per capita)",-0.107441246509552
545,"People using safely managed sanitation services, rural (% of rural population)",-0.10675813257694244
512,"Droughts, floods, extreme temperatures (% of population, average 1990-2009)",-0.10486970841884613
852,"Prevalence of severe wasting, weight for height, male (% of children under 5)",-0.1039416491985321
25,Fertilizer consumption (% of fertilizer production),-0.10266363620758057
425,"Tertiary education, academic staff (% female)",-0.09950343519449234
791,"Population ages 0-4, female (% of female population)",-0.0984533429145813
734,Domestic general government health expenditure (% of GDP),-0.09830819070339203
634,"Employers, male (% of male employment) (modeled ILO estimate)",-0.09717872738838196
728,Current health expenditure per capita (current US$),-0.09640572965145111
1100,Logistics performance index: Ease of arranging competitively priced shipments (1=low to 5=high),-0.09594936668872833
541,People using safely managed drinking water services (% of population),-0.09048888087272644
1102,Logistics performance index: Frequency with which shipments reach consignee within scheduled or expected time (1=low to 5=high),-0.0883675143122673
304,"Current education expenditure, secondary (% of total expenditure in secondary public institutions)",-0.08719514310359955
793,"Population ages 10-14, female (% of female population)",-0.0857214406132698
622,"Children in employment, female (% of female children ages 7-14)",-0.08528706431388855
607,"Stocks traded, total value (% of GDP)",-0.08510546386241913
1142,"Tariff rate, applied, simple mean, manufactured products (%)",-0.08449573069810867
851,"Prevalence of severe wasting, weight for height, female (% of children under 5)",-0.082898810505867
1098,Logistics performance index: Ability to track and trace consignments (1=low to 5=high),-0.08243099600076675
709,"Birth rate, crude (per 1,000 people)",-0.07887512445449829
84,Chemicals (% of value added in manufacturing),-0.07883802801370621
486,Total natural resources rents (% of GDP),-0.0772220715880394
455,Electricity production from natural gas sources (% of total),-0.07709845900535583
488,Access to clean fuels and technologies for cooking (% of population),-0.07705201208591461
674,"Proportion of time spent on unpaid domestic and care work, male (% of 24 hour day)",-0.0760141909122467
917,Adequacy of social safety net programs (% of total welfare of beneficiary households),-0.07591984421014786
890,Fixed broadband subscriptions (per 100 people),-0.0751202255487442
523,"Mortality rate attributed to unintentional poisoning, male (per 100,000 male population)",-0.07502999901771545
924,"Average working hours of children, working only, male, ages 7-14 (hours per week)",-0.07501411437988281
919,"Average working hours of children, study and work, ages 7-14 (hours per week)",-0.07497099786996841
445,"Access to electricity, urban (% of urban population)",-0.07406118512153625
278,Terms of trade adjustment (constant LCU),-0.07326027750968933
1021,"Unemployment, youth female (% of female labor force ages 15-24) (national estimate)",-0.07297535240650177
582,"Depositors with commercial banks (per 1,000 adults)",-0.07217676937580109
592,Lending interest rate (%),-0.0719531923532486
294,"Adolescents out of school, female (% of female lower secondary school age)",-0.07095181941986084
308,"Educational attainment, Doctoral or equivalent, population 25+, male (%) (cumulative)",-0.0679701417684555
162,"Grants, excluding technical cooperation (BoP, current US$)",-0.06786613166332245
1141,"Tariff rate, applied, simple mean, all products (%)",-0.06784934550523758
731,Demand for family planning satisfied by modern methods (% of married women with demand for family planning),-0.06760081648826599
1157,"Time to import, documentary compliance (hours)",-0.06668888032436371
221,"Inflation, GDP deflator (annual %)",-0.06594874709844589
367,Population ages 0-14 (% of total),-0.06559287011623383
567,Bank liquid reserves to bank assets ratio (%),-0.06462778151035309
1054,Researchers in R&D (per million people),-0.06427642703056335
669,"Prevalence of HIV, male (% ages 15-24)",-0.06412366777658463
242,Net primary income (Net income from abroad) (current LCU),-0.06395188719034195
918,Adequacy of unemployment benefits and ALMP (% of total welfare of beneficiary households),-0.06321750581264496
789,"Population ages 0-14, male (% of total)",-0.06315559893846512
795,"Population ages 15-19, female (% of female population)",-0.06228373199701309
715,Children with fever receiving antimalarial drugs (% of children under age 5 with fever),-0.06189577654004097
792,"Population ages 0-4, male (% of male population)",-0.06086546182632446
611,Total reserves (% of total external debt),-0.06014835089445114
742,Exclusive breastfeeding (% of children under 6 months),-0.05991263687610626
706,"Age dependency ratio, young (% of working-age population)",-0.05957994610071182
936,"Children in employment, total (% of children ages 7-14)",-0.059037379920482635
860,"Prevalence of wasting, weight for height, male (% of children under 5)",-0.05609513074159622
99,Exports of goods and services (current LCU),-0.05533682554960251
589,"Interest rate spread (lending rate minus deposit rate, %)",-0.05402093380689621
977,Informal employment (% of total non-agricultural employment),-0.05336126312613487
572,Broad money growth (annual %),-0.05332627147436142
67,Adjusted savings: natural resources depletion (% of GNI),-0.05308903008699417
127,GDP deflator (base year varies by country),-0.051305875182151794
781,"Nurses and midwives (per 1,000 people)",-0.049985919147729874
670,"Prevalence of underweight, weight for age, female (% of children under 5)",-0.049073267728090286
535,People using at least basic drinking water services (% of population),-0.048760779201984406
644,"Fertility rate, total (births per woman)",-0.0481702983379364
98,Exports of goods and services (constant LCU),-0.047832004725933075
681,"Survival to age 65, male (% of cohort)",-0.047449495643377304
379,Progression to secondary school (%),-0.04672883823513985
1053,Research and development expenditure (% of GDP),-0.046598415821790695
46,Adjusted net national income (annual % growth),-0.046533189713954926
105,External balance on goods and services (current US$),-0.0461970679461956
815,"Population ages 5-9, male (% of male population)",-0.04530169814825058
64,Adjusted savings: gross savings (% of GNI),-0.04385140538215637
542,"People using safely managed drinking water services, rural (% of rural population)",-0.04303674027323723
266,"Secondary income, other sectors, payments (BoP, current US$)",-0.04283493384718895
372,"Primary completion rate, total (% of relevant age group)",-0.042046356946229935
859,"Prevalence of wasting, weight for height, female (% of children under 5)",-0.04196077957749367
293,Adolescents out of school (% of lower secondary school age),-0.04049265384674072
1104,Logistics performance index: Quality of trade and transport-related infrastructure (1=low to 5=high),-0.04048338532447815
857,"Prevalence of underweight, weight for age (% of children under 5)",-0.040152017027139664
755,"Life expectancy at birth, total (years)",-0.03972771391272545
655,"Life expectancy at birth, male (years)",-0.03951318934559822
911,Secure Internet servers,-0.03913428634405136
626,"Children in employment, work only, female (% of female children in employment, ages 7-14)",-0.038999613374471664
756,Low-birthweight babies (% of births),-0.0387759804725647
547,People with basic handwashing facilities including soap and water (% of population),-0.03870305418968201
249,"Net trade in goods and services (BoP, current US$)",-0.038467906415462494
1103,Logistics performance index: Overall (1=low to 5=high),-0.03771795704960823
654,"Life expectancy at birth, female (years)",-0.037435293197631836
371,"Primary completion rate, male (% of relevant age group)",-0.037298429757356644
164,Gross capital formation (annual % growth),-0.03699744492769241
1056,Technicians in R&D (per million people),-0.03646868094801903
356,"Net intake rate in grade 1, female (% of official school-age population)",-0.03554660081863403
370,"Primary completion rate, female (% of relevant age group)",-0.03535742685198784
449,Combustible renewables and waste (% of total energy),-0.035202160477638245
319,"Educational attainment, at least completed post-secondary, population 25+, female (%) (cumulative)",-0.034116003662347794
921,"Average working hours of children, study and work, male, ages 7-14 (hours per week)",-0.03363171964883804
413,"School enrollment, tertiary, female (% gross)",-0.03289458900690079
636,"Employment in industry, male (% of male employment) (modeled ILO estimate)",-0.032776352018117905
1067,"Bound rate, simple mean, manufactured products (%)",-0.032640255987644196
680,"Survival to age 65, female (% of cohort)",-0.03178947791457176
1020,"Unemployment, total (% of total labor force) (national estimate)",-0.03175286948680878
796,"Population ages 15-19, male (% of male population)",-0.03127870708703995
872,"Specialist surgical workforce (per 100,000 population)",-0.030980318784713745
348,"Literacy rate, youth female (% of females ages 15-24)",-0.030967867001891136
474,Mineral rents (% of GDP),-0.030010147020220757
701,ARI treatment (% of children under 5 taken to a health provider),-0.029544472694396973
536,"People using at least basic drinking water services, rural (% of rural population)",-0.029148969799280167
530,"PM2.5 air pollution, mean annual exposure (micrograms per cubic meter)",-0.029139205813407898
103,External balance on goods and services (constant LCU),-0.02892759069800377
549,"People with basic handwashing facilities including soap and water, urban (% of urban population)",-0.028780527412891388
1136,"Share of tariff lines with international peaks, manufactured products (%)",-0.026950210332870483
563,Urban population living in areas where elevation is below 5 meters (% of total population),-0.026845645159482956
1037,Poverty gap at $1.90 a day (2011 PPP) (%),-0.026714090257883072
524,"Mortality rate attributed to unsafe water, unsafe sanitation and lack of hygiene (per 100,000 population)",-0.02659311518073082
382,"Pupil-teacher ratio, lower secondary",-0.026373013854026794
1066,"Bound rate, simple mean, all products (%)",-0.02624482475221157
556,Terrestrial protected areas (% of total land area),-0.02554307132959366
671,"Prevalence of underweight, weight for age, male (% of children under 5)",-0.025501903146505356
957,Coverage of social safety net programs in richest quintile (% of population),-0.025304876267910004
1099,Logistics performance index: Competence and quality of logistics services (1=low to 5=high),-0.024481607601046562
548,"People with basic handwashing facilities including soap and water, rural (% of rural population)",-0.02404596284031868
979,"Informal employment, male (% of total non-agricultural employment)",-0.023631900548934937
878,"Total alcohol consumption per capita, male (liters of pure alcohol, projected estimates, male 15+ years of age)",-0.023407861590385437
54,"Adjusted net savings, including particulate emission damage (% of GNI)",-0.02187681943178177
1166,Population in urban agglomerations of more than 1 million (% of total population),-0.02184240147471428
212,Imports of goods and services (current LCU),-0.02181168831884861
341,"Gross intake ratio in first grade of primary education, total (% of relevant age group)",-0.021195927634835243
456,Electricity production from nuclear sources (% of total),-0.021100278943777084
866,Refugee population by country or territory of asylum,-0.020552225410938263
710,"Cause of death, by communicable diseases and maternal, prenatal and nutrition conditions (% of total)",-0.019435759633779526
307,"Educational attainment, Doctoral or equivalent, population 25+, female (%) (cumulative)",-0.019101981073617935
850,"Prevalence of severe wasting, weight for height (% of children under 5)",-0.01790250837802887
301,"Children out of school, primary, male",-0.017725367099046707
800,"Population ages 15-64, male (% of total)",-0.016700610518455505
93,Exports as a capacity to import (constant LCU),-0.016375551000237465
70,Adjusted savings: net national savings (% of GNI),-0.015303555876016617
189,Gross savings (current LCU),-0.01427364256232977
699,Women who were first married by age 18 (% of women ages 20-24),-0.014182419516146183
843,Prevalence of anemia among children (% of children under 5),-0.013959831558167934
951,Coverage of social protection and labor programs (% of population),-0.01360862236469984
906,Public private partnerships investment in water and sanitation (current US$),-0.01314077153801918
400,"School enrollment, primary, male (% gross)",-0.012578880414366722
1135,"Share of tariff lines with international peaks, all products (%)",-0.012134402990341187
273,Short-term debt (% of total reserves),-0.011792626231908798
794,"Population ages 10-14, male (% of male population)",-0.011664305813610554
350,"Literacy rate, youth total (% of people ages 15-24)",-0.010792023502290249
623,"Children in employment, male (% of male children ages 7-14)",-0.010303705930709839
501,CO2 emissions from liquid fuel consumption (% of total),-0.009334329515695572
82,"Charges for the use of intellectual property, payments (BoP, current US$)",-0.00913272611796856
726,"Contraceptive prevalence, modern methods (% of women ages 15-49)",-0.009101301431655884
717,Completeness of birth registration (%),-0.007919245399534702
657,Lifetime risk of maternal death (1 in: rate varies by country),-0.007868918590247631
720,"Completeness of birth registration, rural (%)",-0.003463263623416424
76,"Agriculture, forestry, and fishing, value added (constant LCU)",-0.0025053657591342926
724,Completeness of total death reporting (% of reported total deaths to estimated total deaths),-0.0013919826596975327
3,Agricultural land (sq. km),-0.0007733684033155441
588,"Inflation, GDP deflator: linked series (annual %)",-0.0007601426914334297
508,CO2 intensity (kg per kg of oil equivalent energy use),-0.0005940087139606476
261,"Primary income payments (BoP, current US$)",-0.0004362780600786209
1129,Merchandise imports from low- and middle-income economies in South Asia (% of total merchandise imports),-0.00035719340667128563
239,Net official development assistance received (current US$),0.0013394225388765335
521,"Mortality rate attributed to unintentional poisoning (per 100,000 population)",0.002577264793217182
651,Law mandates paid or unpaid maternity leave (1=yes; 0=no),0.002620936371386051
344,"Literacy rate, adult female (% of females ages 15 and above)",0.0028162701055407524
380,"Progression to secondary school, female (%)",0.0029853475280106068
211,Imports of goods and services (constant LCU),0.004544341936707497
336,"Government expenditure per student, primary (% of GDP per capita)",0.006094619631767273
721,"Completeness of birth registration, urban (%)",0.007695863023400307
321,"Educational attainment, at least completed post-secondary, population 25+, total (%) (cumulative)",0.011967386119067669
842,"Prevalence of HIV, total (% of population ages 15-49)",0.014327049255371094
719,"Completeness of birth registration, male (%)",0.014505436643958092
1068,"Bound rate, simple mean, primary products (%)",0.014555869624018669
368,Population ages 15-64 (% of total),0.014622116461396217
1038,Poverty gap at $3.20 a day (2011 PPP) (%),0.015372096560895443
468,Fuel exports (% of merchandise exports),0.015407729893922806
660,"Mortality rate, adult, female (per 1,000 female adults)",0.015579335391521454
809,"Population ages 35-39, male (% of male population)",0.016532722860574722
444,Access to electricity (% of population),0.016610970720648766
262,"Primary income receipts (BoP, current US$)",0.0170768853276968
718,"Completeness of birth registration, female (%)",0.017823519185185432
658,"Maternal mortality ratio (modeled estimate, per 100,000 live births)",0.019067369401454926
858,"Prevalence of wasting, weight for height (% of children under 5)",0.019093932583928108
962,Coverage of unemployment benefits and ALMP in poorest quintile (% of population),0.019148170948028564
349,"Literacy rate, youth male (% of males ages 15-24)",0.019404135644435883
52,"Adjusted net savings, excluding particulate emission damage (% of GNI)",0.02028461918234825
340,"Gross intake ratio in first grade of primary education, male (% of relevant age group)",0.020366474986076355
932,"Children in employment, self-employed (% of children in employment, ages 7-14)",0.021158289164304733
173,Gross fixed capital formation (% of GDP),0.021806253120303154
248,"Net trade in goods (BoP, current US$)",0.021891050040721893
65,Adjusted savings: mineral depletion (% of GNI),0.023468803614377975
854,"Prevalence of stunting, height for age, female (% of children under 5)",0.023844033479690552
325,"Educational attainment, at least completed short-cycle tertiary, population 25+, female (%) (cumulative)",0.024351300671696663
704,Age dependency ratio (% of working-age population),0.024700289592146873
206,"ICT service exports (BoP, current US$)",0.02486198954284191
381,"Progression to secondary school, male (%)",0.025613943114876747
1064,"Binding coverage, manufactured products (%)",0.02599329687654972
1115,Merchandise exports to low- and middle-income economies in Middle East & North Africa (% of total merchandise exports),0.026139311492443085
313,"Educational attainment, at least Master's or equivalent, population 25+, female (%) (cumulative)",0.026731790974736214
77,"Agriculture, forestry, and fishing, value added (current LCU)",0.029842067509889603
385,"Pupil-teacher ratio, secondary",0.029861941933631897
649,Law mandates equal remuneration for females and males for work of equal value (1=yes; 0=no),0.030092667788267136
384,"Pupil-teacher ratio, primary",0.030629359185695648
933,"Children in employment, self-employed, female (% of female children in employment, ages 7-14)",0.03064141422510147
1137,"Share of tariff lines with international peaks, primary products (%)",0.03144209086894989
0,"Access to electricity, rural (% of rural population)",0.0322868712246418
171,Gross domestic savings (current LCU),0.032859817147254944
845,Prevalence of anemia among pregnant women (%),0.03335297107696533
346,"Literacy rate, adult total (% of people ages 15 and above)",0.0338209830224514
707,Antiretroviral therapy coverage (% of people living with HIV),0.03467559441924095
465,"Energy use (kg of oil equivalent) per $1,000 GDP (constant 2011 PPP)",0.03633688762784004
659,"Maternal mortality ratio (national estimate, per 100,000 live births)",0.03713309019804001
365,"Persistence to last grade of primary, male (% of cohort)",0.03751036152243614
167,Gross capital formation (current LCU),0.03820988908410072
1082,Import value index (2000 = 100),0.03900740295648575
528,"Other greenhouse gas emissions, HFC, PFC and SF6 (thousand metric tons of CO2 equivalent)",0.039175670593976974
900,Investment in water and sanitation with private participation (current US$),0.03968902304768562
1105,Manufactures exports (% of merchandise exports),0.03988095745444298
226,"Interest payments on external debt (% of exports of goods, services and primary income)",0.04182899370789528
855,"Prevalence of stunting, height for age, male (% of children under 5)",0.04205365851521492
862,Proportion of population pushed below the $1.90 ($ 2011 PPP) poverty line by out-of-pocket health care expenditure (%),0.042090389877557755
1081,Food imports (% of merchandise imports),0.04211704432964325
1112,Merchandise exports to low- and middle-income economies in East Asia & Pacific (% of total merchandise exports),0.042505912482738495
193,Gross value added at basic prices (GVA) (current LCU),0.04252959042787552
1024,"Unemployment, youth total (% of total labor force ages 15-24) (national estimate)",0.04318534582853317
219,"Industry (including construction), value added (current LCU)",0.04362545534968376
72,Adjusted savings: particulate emission damage (% of GNI),0.04375094175338745
879,"Tuberculosis case detection rate (%, all forms)",0.04381652921438217
881,UHC service coverage index,0.044095344841480255
645,Firms with female participation in ownership (% of firms),0.04439840838313103
403,"School enrollment, secondary (% gross)",0.04460613802075386
345,"Literacy rate, adult male (% of males ages 15 and above)",0.04468704015016556
502,CO2 emissions from manufacturing industries and construction (% of total fuel combustion),0.04554065316915512
79,Changes in inventories (constant LCU),0.04598937928676605
1140,"Share of tariff lines with specific rates, primary products (%)",0.04665536433458328
608,"Stocks traded, total value (current US$)",0.04752947762608528
253,"Personal remittances, paid (current US$)",0.04810140281915665
314,"Educational attainment, at least Master's or equivalent, population 25+, male (%) (cumulative)",0.04883396625518799
596,Net domestic credit (current LCU),0.048921406269073486
80,Changes in inventories (current LCU),0.049139343202114105
1083,Import volume index (2000 = 100),0.04957922175526619
176,Gross fixed capital formation (constant LCU),0.05040700361132622
24,"Employment in agriculture, male (% of male employment) (modeled ILO estimate)",0.05099228024482727
90,Discrepancy in expenditure estimate of GDP (constant LCU),0.0513504296541214
299,"Children out of school, primary",0.0525645986199379
177,Gross fixed capital formation (current LCU),0.05289226025342941
300,"Children out of school, primary, female",0.05330705642700195
624,"Children in employment, study and work, female (% of female children in employment, ages 7-14)",0.05363626778125763
537,"People using at least basic drinking water services, urban (% of urban population)",0.054529622197151184
83,"Charges for the use of intellectual property, receipts (BoP, current US$)",0.05497462674975395
1063,"Binding coverage, all products (%)",0.055189453065395355
323,"Educational attainment, at least completed primary, population 25+ years, male (%) (cumulative)",0.055270008742809296
351,"Lower secondary completion rate, female (% of relevant age group)",0.05535874143242836
484,Renewable energy consumption (% of total final energy consumption),0.05640251189470291
798,"Population ages 15-64, female (% of total)",0.05727094039320946
766,"Mortality rate, neonatal (per 1,000 live births)",0.05795864760875702
364,"Persistence to last grade of primary, female (% of cohort)",0.05824999511241913
1041,Poverty headcount ratio at $1.90 a day (2011 PPP) (% of population),0.05884888768196106
482,Pump price for gasoline (US$ per liter),0.059930235147476196
595,Market capitalization of listed domestic companies (current US$),0.059930309653282166
712,"Cause of death, by non-communicable diseases (% of total)",0.06004966422915459
656,Lifetime risk of maternal death (%),0.0613921619951725
232,"Manufacturing, value added (current LCU)",0.061462197452783585
240,"Net primary income (BoP, current US$)",0.061503857374191284
1028,"Annualized average growth rate in per capita real survey mean consumption or income, total population (%)",0.061587508767843246
1069,Commercial service exports (current US$),0.06315092742443085
867,Refugee population by country or territory of origin,0.06346634030342102
773,Number of maternal deaths,0.0635758638381958
180,"Gross fixed capital formation, private sector (current LCU)",0.06363708525896072
1070,Commercial service imports (current US$),0.06430814415216446
522,"Mortality rate attributed to unintentional poisoning, female (per 100,000 female population)",0.06439392268657684
754,Increase in poverty gap at $3.10 ($ 2011 PPP) poverty line due to out-of-pocket health care expenditure (% of poverty line),0.06442622095346451
460,"Electricity production from renewable sources, excluding hydroelectric (kWh)",0.06447813659906387
1023,"Unemployment, youth total (% of total labor force ages 15-24) (modeled ILO estimate)",0.0645265132188797
1019,"Unemployment, male (% of male labor force) (national estimate)",0.06479132175445557
904,Public private partnerships investment in energy (current US$),0.06497368216514587
1088,"International tourism, expenditures for passenger transport items (current US$)",0.06553751230239868
1087,"International tourism, expenditures (current US$)",0.06600306183099747
868,Risk of catastrophic expenditure for surgical care (% of people at risk),0.06616471707820892
965,Employment in industry (% of total employment) (modeled ILO estimate),0.06710183620452881
853,"Prevalence of stunting, height for age (% of children under 5)",0.06760121881961823
818,"Population ages 55-59, female (% of female population)",0.06767372786998749
243,Net primary income (Net income from abroad) (current US$),0.06792713701725006
192,Gross value added at basic prices (GVA) (constant LCU),0.06839217245578766
125,GDP (current LCU),0.06857029348611832
406,"School enrollment, secondary, female (% gross)",0.06870310008525848
934,"Children in employment, self-employed, male (% of male children in employment, ages 7-14)",0.06976675242185593
700,Women's share of population ages 15+ living with HIV (%),0.06997557729482651
353,"Lower secondary completion rate, total (% of relevant age group)",0.07061126083135605
324,"Educational attainment, at least completed primary, population 25+ years, total (%) (cumulative)",0.07133427262306213
1156,"Time to import, border compliance (hours)",0.07226181030273438
246,Net secondary income (Net current transfers from abroad) (current LCU),0.07248294353485107
291,"Adjusted net enrollment rate, primary, female (% of primary school age children)",0.07309302687644958
834,"Population ages 80 and above, female (% of female population)",0.07417440414428711
117,"Food, beverages and tobacco (% of value added in manufacturing)",0.07606032490730286
265,"Secondary income receipts (BoP, current US$)",0.07627710700035095
442,"Unemployment, male (% of male labor force) (modeled ILO estimate)",0.0774930939078331
1022,"Unemployment, youth male (% of male labor force ages 15-24) (national estimate)",0.07853886485099792
598,Net migration,0.07884212583303452
757,"Mortality caused by road traffic injury (per 100,000 people)",0.07924245297908783
826,"Population ages 65 and above, male (% of total)",0.07962379604578018
1091,"International tourism, number of departures",0.07996130734682083
421,"Secondary education, teachers (% female)",0.08056175708770752
326,"Educational attainment, at least completed short-cycle tertiary, population 25+, male (%) (cumulative)",0.08085319399833679
126,GDP (current US$),0.08156055957078934
571,Broad money (current LCU),0.08192521333694458
751,Incidence of HIV (% of uninfected population ages 15-49),0.08234383165836334
752,"Incidence of malaria (per 1,000 population at risk)",0.08237341791391373
1050,High-technology exports (current US$),0.08250246942043304
767,"Mortality rate, under-5 (per 1,000 live births)",0.08286459743976593
765,"Mortality rate, infant, male (per 1,000 live births)",0.08336062729358673
819,"Population ages 55-59, male (% of male population)",0.08389775454998016
56,Adjusted savings: carbon dioxide damage (% of GNI),0.08390665054321289
411,"School enrollment, tertiary (% gross)",0.0844007283449173
140,GNI (constant LCU),0.08450320363044739
481,Pump price for diesel fuel (US$ per liter),0.08496221899986267
230,"Manufacturing, value added (constant 2010 US$)",0.08526832610368729
1089,"International tourism, expenditures for travel items (current US$)",0.08532832562923431
1107,Merchandise exports (current US$),0.08650515973567963
764,"Mortality rate, infant, female (per 1,000 live births)",0.08677993714809418
768,"Mortality rate, under-5, female (per 1,000 live births)",0.08785209059715271
1039,Poverty gap at $5.50 a day (2011 PPP) (%),0.08796919882297516
808,"Population ages 35-39, female (% of female population)",0.08800113201141357
218,"Industry (including construction), value added (constant LCU)",0.08820994943380356
511,Disaster risk reduction progress score (1-5 scale; 5=best),0.08849063515663147
286,"Transport services (% of service exports, BoP)",0.0886709988117218
404,"School enrollment, secondary (% net)",0.08870476484298706
121,"Foreign direct investment, net outflows (% of GDP)",0.08880706876516342
835,"Population ages 80 and above, male (% of male population)",0.0890309140086174
316,"Educational attainment, at least completed lower secondary, population 25+, female (%) (cumulative)",0.08958570659160614
661,"Mortality rate, adult, male (per 1,000 male adults)",0.0897066742181778
377,"Primary education, teachers (% female)",0.08977805078029633
231,"Manufacturing, value added (constant LCU)",0.09004911780357361
317,"Educational attainment, at least completed lower secondary, population 25+, male (%) (cumulative)",0.09005250036716461
1043,Poverty headcount ratio at $5.50 a day (2011 PPP) (% of population),0.09013952314853668
591,"International migrant stock, total",0.09030184149742126
844,Prevalence of anemia among non-pregnant women (% of women ages 15-49),0.0903824120759964
507,CO2 emissions from transport (% of total fuel combustion),0.09062852710485458
315,"Educational attainment, at least Master's or equivalent, population 25+, total (%) (cumulative)",0.09070917218923569
263,"Reserves and related items (BoP, current US$)",0.09159044921398163
267,"Service exports (BoP, current US$)",0.09175565838813782
1060,Arms exports (SIPRI trend indicator values),0.0920243188738823
213,Imports of goods and services (current US$),0.09225299209356308
593,"Listed domestic companies, total",0.09279382228851318
1057,"Trademark applications, direct nonresident",0.09317575395107269
684,"Unemployment, youth male (% of male labor force ages 15-24) (modeled ILO estimate)",0.09324663877487183
123,GDP (constant 2010 US$),0.09355105459690094
846,Prevalence of anemia among women of reproductive age (% of women ages 15-49),0.09379809349775314
22,Employment in agriculture (% of total employment) (modeled ILO estimate),0.09391448646783829
407,"School enrollment, secondary, female (% net)",0.09405139088630676
47,Adjusted net national income (constant 2010 US$),0.09409167617559433
497,CO2 emissions (kt),0.0945553109049797
69,Adjusted savings: net forest depletion (current US$),0.09499415755271912
264,"Revenue, excluding grants (% of GDP)",0.0951417088508606
161,"Goods imports (BoP, current US$)",0.09516424685716629
408,"School enrollment, secondary, male (% gross)",0.09528978168964386
399,"School enrollment, primary, female (% net)",0.09545966982841492
320,"Educational attainment, at least completed post-secondary, population 25+, male (%) (cumulative)",0.09553094208240509
833,"Population ages 75-79, male (% of male population)",0.09585070610046387
1086,"International tourism, expenditures (% of total imports)",0.09594378620386124
97,Exports of goods and services (constant 2010 US$),0.09607256203889847
861,"Probability of dying at age 5-14 years (per 1,000 children age 5)",0.09635317325592041
531,"PM2.5 air pollution, population exposed to levels exceeding WHO guideline value (% of total)",0.09664028137922287
763,"Mortality rate, infant (per 1,000 live births)",0.09665583074092865
366,"Persistence to last grade of primary, total (% of cohort)",0.09692306816577911
208,"Imports of goods and services (BoP, current US$)",0.09719792008399963
597,Net foreign assets (current LCU),0.09728686511516571
466,Firms using banks to finance investment (% of firms),0.09736116230487823
1093,"International tourism, receipts (current US$)",0.09741521626710892
322,"Educational attainment, at least completed primary, population 25+ years, female (%) (cumulative)",0.09787371009588242
863,Proportion of population pushed below the $3.10 ($ 2011 PPP) poverty line by out-of-pocket health care expenditure (%),0.09853367507457733
352,"Lower secondary completion rate, male (% of relevant age group)",0.09899020195007324
441,"Unemployment, female (% of female labor force) (modeled ILO estimate)",0.09917654097080231
914,"Trademark applications, resident, by count",0.09951399266719818
739,Domestic private health expenditure (% of current health expenditure),0.09961647540330887
159,General government final consumption expenditure (current US$),0.09974634647369385
309,"Educational attainment, Doctoral or equivalent, population 25+, total (%) (cumulative)",0.10049833357334137
330,"Educational attainment, at least completed upper secondary, population 25+, total (%) (cumulative)",0.10053830593824387
141,GNI (current LCU),0.10059335082769394
856,Prevalence of undernourishment (% of population),0.10069575160741806
116,Financial intermediary services indirectly Measured (FISIM) (current LCU),0.10087515413761139
138,GDP: linked series (current LCU),0.10114039480686188
122,"Foreign direct investment, net outflows (BoP, current US$)",0.10144665837287903
114,Final consumption expenditure (current US$),0.10255040228366852
275,Taxes less subsidies on products (current LCU),0.10259674489498138
761,"Mortality rate attributed to household and ambient air pollution, age-standardized, female (per 100,000 female population)",0.10266083478927612
771,Number of deaths ages 5-14 years,0.10412341356277466
268,"Service imports (BoP, current US$)",0.10418036580085754
48,Adjusted net national income (current US$),0.10421901941299438
615,Births attended by skilled health staff (% of total),0.10464691370725632
583,Depth of credit information index (0=low to 8=high),0.10465247184038162
1090,"International tourism, number of arrivals",0.10467985272407532
120,"Foreign direct investment, net inflows (BoP, current US$)",0.10468035191297531
538,People using at least basic sanitation services (% of population),0.10473966598510742
886,"Air transport, passengers carried",0.10483065247535706
160,"Goods exports (BoP, current US$)",0.10535386949777603
885,"Air transport, freight (million ton-km)",0.1056244969367981
191,Gross value added at basic prices (GVA) (constant 2010 US$),0.10576121509075165
168,Gross capital formation (current US$),0.10636475682258606
506,CO2 emissions from solid fuel consumption (kt),0.1063978299498558
334,"Government expenditure on education, total (% of GDP)",0.10681913048028946
184,Gross national expenditure (current LCU),0.10728597640991211
88,"Current account balance (BoP, current US$)",0.10756171494722366
1059,"Trademark applications, total",0.1075827106833458
61,Adjusted savings: education expenditure (current US$),0.10766541957855225
327,"Educational attainment, at least completed short-cycle tertiary, population 25+, total (%) (cumulative)",0.10785877704620361
214,"Imports of goods, services and primary income (BoP, current US$)",0.10790473967790604
153,"GNI, PPP (current international $)",0.10846590250730515
100,Exports of goods and services (current US$),0.10869660973548889
473,Methane emissions in energy sector (thousand metric tons of CO2 equivalent),0.10898341238498688
780,Number of under-five deaths,0.10914653539657593
318,"Educational attainment, at least completed lower secondary, population 25+, total (%) (cumulative)",0.109241783618927
199,Households and NPISHs Final consumption expenditure (current US$),0.11060206592082977
256,"Personal transfers, receipts (BoP, current US$)",0.11077012121677399
515,HFC gas emissions (thousand metric tons of CO2 equivalent),0.11118678003549576
142,GNI (current US$),0.1117716059088707
822,Population ages 65 and above (% of total),0.11180289089679718
824,"Population ages 65 and above, female (% of total)",0.11193356662988663
1094,"International tourism, receipts for passenger transport items (current US$)",0.11230194568634033
194,Gross value added at basic prices (GVA) (current US$),0.11260692775249481
151,"GNI, Atlas method (current US$)",0.1137433648109436
668,"Prevalence of HIV, female (% ages 15-24)",0.114005446434021
136,"GDP, PPP (constant 2011 international $)",0.1150275468826294
514,GHG net emissions/removals by LUCF (Mt of CO2 equivalent),0.11550531536340714
59,Adjusted savings: consumption of fixed capital (current US$),0.11564679443836212
897,"Industrial design applications, resident, by count",0.11637274920940399
255,"Personal remittances, received (current US$)",0.11674018204212189
820,"Population ages 60-64, female (% of female population)",0.11699575185775757
1052,"Patent applications, residents",0.11721346527338028
509,Capture fisheries production (metric tons),0.11809279769659042
178,Gross fixed capital formation (current US$),0.1184312254190445
667,Pregnant women receiving prenatal care (%),0.1184922307729721
487,Value lost due to electrical outages (% of sales for affected firms),0.11865222454071045
908,Rail lines (total route-km),0.11869920790195465
913,"Trademark applications, nonresident, by count",0.1190682053565979
328,"Educational attainment, at least completed upper secondary, population 25+, female (%) (cumulative)",0.11930675804615021
730,"Death rate, crude (per 1,000 people)",0.11974183470010757
811,"Population ages 40-44, male (% of male population)",0.11985298246145248
1065,"Binding coverage, primary products (%)",0.11993527412414551
554,SF6 gas emissions (thousand metric tons of CO2 equivalent),0.12033458799123764
58,Adjusted savings: consumption of fixed capital (% of GNI),0.12033577263355255
618,"Child employment in manufacturing, female (% of female economically active children ages 7-14)",0.12048344314098358
101,"Exports of goods, services and primary income (BoP, current US$)",0.12065058946609497
139,GNI (constant 2010 US$),0.12124399095773697
543,"People using safely managed drinking water services, urban (% of urban population)",0.12136270850896835
124,GDP (constant LCU),0.12171819806098938
888,Container port traffic (TEU: 20 foot equivalent units),0.12255527824163437
1121,Merchandise imports by the reporting economy (current US$),0.1227986216545105
210,Imports of goods and services (constant 2010 US$),0.1231435164809227
1120,Merchandise imports (current US$),0.1237294003367424
185,Gross national expenditure (current US$),0.1241573840379715
355,Net intake rate in grade 1 (% of official school-age population),0.12426190078258514
778,Number of people spending more than 25% of household consumption or income on out-of-pocket health care expenditure,0.12437507510185242
462,Energy intensity level of primary energy (MJ/$2011 PPP GDP),0.12489902973175049
743,External health expenditure (% of current health expenditure),0.12491939961910248
115,Financial intermediary services indirectly Measured (FISIM) (constant LCU),0.12528544664382935
443,"Unemployment, total (% of total labor force) (modeled ILO estimate)",0.1256171613931656
229,"Manufacturing, value added (annual % growth)",0.12593817710876465
1042,Poverty headcount ratio at $3.20 a day (2011 PPP) (% of population),0.126455619931221
601,Private credit bureau coverage (% of adults),0.12722018361091614
772,Number of infant deaths,0.12880665063858032
896,"Industrial design applications, nonresident, by count",0.13013456761837006
233,"Manufacturing, value added (current US$)",0.1301737129688263
887,"Air transport, registered carrier departures worldwide",0.13034968078136444
165,Gross capital formation (constant 2010 US$),0.13051624596118927
196,Households and NPISHs Final consumption expenditure (constant 2010 US$),0.13053342700004578
817,"Population ages 50-54, male (% of male population)",0.1310162991285324
479,Ores and metals exports (% of merchandise exports),0.13152389228343964
891,Fixed telephone subscriptions,0.1315455138683319
357,"Net intake rate in grade 1, male (% of official school-age population)",0.1317528635263443
816,"Population ages 50-54, female (% of female population)",0.13213743269443512
748,"Immunization, DPT (% of children ages 12-23 months)",0.13243599236011505
759,"Mortality from CVD, cancer, diabetes or CRD between exact ages 30 and 70, female (%)",0.13291549682617188
12,"Agriculture, forestry, and fishing, value added (% of GDP)",0.13297061622142792
705,"Age dependency ratio, old (% of working-age population)",0.1331932246685028
175,Gross fixed capital formation (constant 2010 US$),0.13387298583984375
111,Final consumption expenditure (constant 2010 US$),0.13391505181789398
2,Agricultural land (% of land area),0.13502706587314606
169,Gross domestic income (constant LCU),0.13511131703853607
477,Nitrous oxide emissions in energy sector (thousand metric tons of CO2 equivalent),0.1354857236146927
271,"Services, value added (constant 2010 US$)",0.1356433779001236
203,"Households and NPISHs Final consumption expenditure, PPP (current international $)",0.13607683777809143
217,"Industry (including construction), value added (constant 2010 US$)",0.13662564754486084
821,"Population ages 60-64, male (% of male population)",0.13663330674171448
182,Gross national expenditure (constant 2010 US$),0.1367800235748291
774,Number of neonatal deaths,0.13717420399188995
409,"School enrollment, secondary, male (% net)",0.13724851608276367
32,Livestock production index (2004-2006 = 100),0.1376676857471466
198,Households and NPISHs Final consumption expenditure (current LCU),0.1376725286245346
112,Final consumption expenditure (constant LCU),0.13772472739219666
423,"Secondary education, vocational pupils",0.1378520131111145
559,Total greenhouse gas emissions (kt of CO2 equivalent),0.1383083313703537
519,Methane emissions (kt of CO2 equivalent),0.1385490596294403
1108,Merchandise exports by the reporting economy (current US$),0.13876087963581085
526,Nitrous oxide emissions (thousand metric tons of CO2 equivalent),0.1394117772579193
329,"Educational attainment, at least completed upper secondary, population 25+, male (%) (cumulative)",0.1398894190788269
869,Risk of impoverishing expenditure for surgical care (% of people at risk),0.14002133905887604
769,"Mortality rate, under-5, male (per 1,000 live births)",0.14004607498645782
785,"Physicians (per 1,000 people)",0.14101821184158325
813,"Population ages 45-49, male (% of male population)",0.1419283151626587
678,"Smoking prevalence, females (% of adults)",0.14289572834968567
870,Sex ratio at birth (male births per female births),0.14341765642166138
27,Food production index (2004-2006 = 100),0.14417457580566406
1138,"Share of tariff lines with specific rates, all products (%)",0.1450148969888687
1095,"International tourism, receipts for travel items (current US$)",0.14502276480197906
49,Adjusted net national income per capita (annual % growth),0.14509429037570953
875,"Suicide mortality rate, male (per 100,000 male population)",0.14528658986091614
21,Crop production index (2004-2006 = 100),0.14656135439872742
777,Number of people spending more than 10% of household consumption or income on out-of-pocket health care expenditure,0.14706642925739288
831,"Population ages 70-74, male (% of male population)",0.14731882512569427
889,Fixed broadband subscriptions,0.14766614139080048
1055,Scientific and technical journal articles,0.1477261334657669
4,"Agricultural machinery, tractors",0.14778150618076324
343,"Labor force, total",0.148024782538414
152,"GNI, PPP (constant 2011 international $)",0.1480254828929901
270,"Services, value added (annual % growth)",0.1482599377632141
95,"Exports of goods and services (BoP, current US$)",0.14878392219543457
172,Gross domestic savings (current US$),0.14886996150016785
832,"Population ages 75-79, female (% of female population)",0.1491115391254425
775,Number of people pushed below the $1.90 ($ 2011 PPP) poverty line by out-of-pocket health care expenditure,0.1493799239397049
9,Agricultural nitrous oxide emissions (thousand metric tons of CO2 equivalent),0.14966878294944763
467,Fossil fuel energy consumption (% of total),0.1497848480939865
472,Investment in energy with private participation (current US$),0.14978882670402527
1097,"Lead time to import, median case (days)",0.15034642815589905
30,Land area (sq. km),0.15061500668525696
776,Number of people pushed below the $3.10 ($ 2011 PPP) poverty line by out-of-pocket health care expenditure,0.151746928691864
113,Final consumption expenditure (current LCU),0.1521250456571579
31,Land under cereal production (hectares),0.15223102271556854
828,"Population ages 65-69, female (% of female population)",0.1524161398410797
929,Child employment in agriculture (% of economically active children ages 7-14),0.152835875749588
829,"Population ages 65-69, male (% of male population)",0.15300405025482178
290,"Adjusted net enrollment rate, primary (% of primary school age children)",0.15355385839939117
1130,Merchandise imports from low- and middle-income economies in Sub-Saharan Africa (% of total merchandise imports),0.1537291705608368
220,"Industry (including construction), value added (current US$)",0.154260516166687
830,"Population ages 70-74, female (% of female population)",0.15465393662452698
1058,"Trademark applications, direct resident",0.15514880418777466
91,Discrepancy in expenditure estimate of GDP (current LCU),0.15578237175941467
179,"Gross fixed capital formation, private sector (% of GDP)",0.1566087305545807
376,"Primary education, teachers",0.15688402950763702
13,"Agriculture, forestry, and fishing, value added (current US$)",0.15862198173999786
788,"Population ages 0-14, male",0.15954270958900452
750,"Immunization, measles (% of children ages 12-23 months)",0.15966051816940308
786,"Population ages 0-14, female",0.15973339974880219
847,"Prevalence of overweight, weight for height (% of children under 5)",0.16046813130378723
905,Public private partnerships investment in transport (current US$),0.1608780324459076
241,Net primary income (Net income from abroad) (constant LCU),0.16088739037513733
529,PFC gas emissions (thousand metric tons of CO2 equivalent),0.1614055037498474
494,CO2 emissions (kg per 2010 US$ of GDP),0.16147619485855103
1061,Arms imports (SIPRI trend indicator values),0.16162806749343872
156,General government final consumption expenditure (constant 2010 US$),0.16365157067775726
801,"Population ages 15-64, total",0.1639741063117981
238,"Net financial account (BoP, current US$)",0.16419756412506104
137,"GDP, PPP (current international $)",0.16443531215190887
617,"Child employment in agriculture, male (% of male economically active children ages 7-14)",0.164831280708313
1076,"Cost to import, documentary compliance (US$)",0.1650649905204773
1,Agricultural irrigated land (% of total agricultural land),0.1676245480775833
1016,"Unemployment with intermediate education, female (% of female labor force with intermediate education)",0.16792139410972595
19,Cereal production (metric tons),0.16803723573684692
825,"Population ages 65 and above, male",0.16804425418376923
202,"Households and NPISHs Final consumption expenditure, PPP (constant 2011 international $)",0.16805848479270935
416,"Secondary education, general pupils",0.16833838820457458
197,Households and NPISHs Final consumption expenditure (constant LCU),0.16852644085884094
557,Total fisheries production (metric tons),0.16913531720638275
790,"Population ages 0-14, total",0.1691988706588745
880,Tuberculosis treatment success rate (% of new cases),0.16937556862831116
420,"Secondary education, teachers",0.16976720094680786
493,Aquaculture production (metric tons),0.170193612575531
925,Benefit incidence of social insurance programs to poorest quintile (% of total social insurance benefits),0.17094038426876068
414,"School enrollment, tertiary, male (% gross)",0.1711590588092804
899,Investment in transport with private participation (current US$),0.17120331525802612
630,"Contraceptive prevalence, any methods (% of women ages 15-49)",0.17177745699882507
1167,Urban population,0.17199237644672394
1051,"Patent applications, nonresidents",0.17293837666511536
517,Marine protected areas (% of territorial waters),0.17332565784454346
539,"People using at least basic sanitation services, rural (% of rural population)",0.17355988919734955
183,Gross national expenditure (constant LCU),0.1737576723098755
513,Forest rents (% of GDP),0.17378874123096466
92,Expense (% of GDP),0.17436246573925018
540,"People using at least basic sanitation services, urban (% of urban population)",0.17551834881305695
725,Consumption of iodized salt (% of households),0.1756080687046051
395,"School enrollment, primary (% net)",0.17592547833919525
520,"Mortality rate attributed to household and ambient air pollution, age-standardized (per 100,000 population)",0.17612284421920776
732,Diarrhea treatment (% of children under 5 receiving oral rehydration and continued feeding),0.17697027325630188
1117,Merchandise exports to low- and middle-income economies in Sub-Saharan Africa (% of total merchandise exports),0.17836406826972961
812,"Population ages 45-49, female (% of female population)",0.17842867970466614
928,Benefit incidence of unemployment benefits and ALMP to poorest quintile (% of total U/ALMP benefits),0.179159477353096
166,Gross capital formation (constant LCU),0.17949944734573364
448,CO2 emissions from liquid fuel consumption (kt),0.1799185574054718
302,"Compulsory education, duration (years)",0.1801881194114685
500,CO2 emissions from gaseous fuel consumption (kt),0.18283000588417053
1030,Income share held by fourth 20%,0.1830155849456787
422,"Secondary education, teachers, female",0.1830611228942871
274,Taxes less subsidies on products (constant LCU),0.18327194452285767
157,General government final consumption expenditure (constant LCU),0.18346264958381653
282,"Total reserves (includes gold, current US$)",0.18388879299163818
452,Electric power transmission and distribution losses (% of output),0.18479326367378235
276,Taxes less subsidies on products (current US$),0.18597912788391113
66,Adjusted savings: mineral depletion (current US$),0.18606489896774292
154,General government final consumption expenditure (% of GDP),0.18646188080310822
810,"Population ages 40-44, female (% of female population)",0.18649670481681824
43,Surface area (sq. km),0.18690380454063416
848,"Prevalence of overweight, weight for height, female (% of children under 5)",0.18724799156188965
237,"Net errors and omissions (BoP, current US$)",0.18742617964744568
782,Out-of-pocket expenditure (% of current health expenditure),0.1881917268037796
258,"Portfolio investment, net (BoP, current US$)",0.18966126441955566
190,Gross savings (current US$),0.1901787519454956
837,"Population, female",0.1911020278930664
841,"Population, total",0.1912122517824173
797,"Population ages 15-64, female",0.19138860702514648
75,"Agriculture, forestry, and fishing, value added (constant 2010 US$)",0.19185107946395874
108,"External debt stocks, total (DOD, current US$)",0.19215963780879974
762,"Mortality rate attributed to household and ambient air pollution, age-standardized, male (per 100,000 male population)",0.19486965239048004
799,"Population ages 15-64, male",0.19539126753807068
260,"Primary income on FDI, payments (current US$)",0.19560357928276062
418,"Secondary education, pupils",0.19605080783367157
560,Urban land area (sq. km),0.19636929035186768
158,General government final consumption expenditure (current LCU),0.19768908619880676
898,Investment in ICT with private participation (current US$),0.19920478761196136
930,Child employment in manufacturing (% of economically active children ages 7-14),0.20042893290519714
435,Trained teachers in secondary education (% of total teachers),0.20077505707740784
902,Mobile cellular subscriptions,0.20178869366645813
827,"Population ages 65 and above, total",0.20299240946769714
78,"Central government debt, total (% of GDP)",0.2034151703119278
823,"Population ages 65 and above, female",0.20423340797424316
685,"Vulnerable employment, female (% of female employment) (modeled ILO estimate)",0.2049272507429123
562,Urban land area where elevation is below 5 meters (sq. km),0.20518654584884644
839,"Population, male",0.20736531913280487
437,"Trained teachers in secondary education, male (% of male teachers)",0.2091020941734314
566,Bank capital to assets ratio (%),0.20986247062683105
281,"Total debt service (% of exports of goods, services and primary income)",0.21020975708961487
602,Public credit registry coverage (% of adults),0.2131425440311432
947,Coverage of social insurance programs in 3rd quintile (% of population),0.21571394801139832
753,"Incidence of tuberculosis (per 100,000 people)",0.21643108129501343
7,Agricultural methane emissions (thousand metric tons of CO2 equivalent),0.21759924292564392
216,"Industry (including construction), value added (annual % growth)",0.2176225185394287
946,Coverage of social insurance programs in 2nd quintile (% of population),0.21818305552005768
60,Adjusted savings: education expenditure (% of GNI),0.2184249311685562
37,Rural population,0.21941454708576202
1010,"Unemployment with advanced education, female (% of female labor force with advanced education)",0.2209937572479248
23,"Employment in agriculture, female (% of female employment) (modeled ILO estimate)",0.2232476770877838
490,"Annual freshwater withdrawals, industry (% of total freshwater withdrawal)",0.22422492504119873
1018,"Unemployment, female (% of female labor force) (national estimate)",0.22448965907096863
471,GDP per unit of energy use (constant 2011 PPP $ per kg of oil equivalent),0.22456683218479156
283,Total reserves minus gold (current US$),0.226045161485672
938,"Children in employment, unpaid family workers, female (% of female children in employment, ages 7-14)",0.22811481356620789
34,Rural land area (sq. km),0.2286936193704605
38,Rural population (% of total population),0.22912630438804626
574,Claims on central government (annual growth as % of broad money),0.2301768809556961
949,Coverage of social insurance programs in poorest quintile (% of population),0.2363717257976532
235,Net ODA received per capita (current US$),0.2365431785583496
204,Households and NPISHs final consumption expenditure (% of GDP),0.2382197082042694
676,"Self-employed, female (% of female employment) (modeled ILO estimate)",0.23957067728042603
110,Final consumption expenditure (annual % growth),0.2400265783071518
470,GDP per unit of energy use (PPP $ per kg of oil equivalent),0.24466213583946228
561,Urban land area where elevation is below 5 meters (% of total land area),0.24648557603359222
63,Adjusted savings: energy depletion (current US$),0.2482525259256363
461,"Energy imports, net (% of energy use)",0.2497776448726654
944,"Contributing family workers, total (% of total employment) (modeled ILO estimate)",0.25139567255973816
555,Terrestrial and marine protected areas (% of total territorial area),0.25265052914619446
616,"Child employment in agriculture, female (% of female economically active children ages 7-14)",0.2538504898548126
727,Current health expenditure (% of GDP),0.2543256878852844
55,"Adjusted net savings, including particulate emission damage (current US$)",0.2557053864002228
245,Net secondary income (Net current transfers from abroad) (constant LCU),0.2579471468925476
205,"ICT service exports (% of service exports, BoP)",0.25824737548828125
746,Female genital mutilation prevalence (%),0.2587478458881378
29,Forest area (sq. km),0.2593223452568054
427,"Trained teachers in lower secondary education, female (% of female teachers)",0.2593332827091217
1005,"Self-employed, total (% of total employment) (modeled ILO estimate)",0.26008227467536926
446,Alternative and nuclear energy (% of total energy use),0.26034313440322876
292,"Adjusted net enrollment rate, primary, male (% of primary school age children)",0.2614150941371918
436,"Trained teachers in secondary education, female (% of female teachers)",0.2617775797843933
935,"Children in employment, study and work (% of children in employment, ages 7-14)",0.26212841272354126
945,Coverage of social insurance programs (% of population),0.2625179886817932
53,"Adjusted net savings, excluding particulate emission damage (current US$)",0.26318085193634033
873,"Suicide mortality rate (per 100,000 population)",0.26515087485313416
1025,"Vulnerable employment, total (% of total employment) (modeled ILO estimate)",0.26527369022369385
57,Adjusted savings: carbon dioxide damage (current US$),0.2655785381793976
71,Adjusted savings: net national savings (current US$),0.26647117733955383
686,"Vulnerable employment, male (% of male employment) (modeled ILO estimate)",0.2669207751750946
15,Arable land (% of land area),0.26818448305130005
401,"School enrollment, primary, male (% net)",0.26831310987472534
619,"Child employment in manufacturing, male (% of male economically active children ages 7-14)",0.268573522567749
948,Coverage of social insurance programs in 4th quintile (% of population),0.2694214880466461
14,"Annual freshwater withdrawals, agriculture (% of total freshwater withdrawal)",0.2772340178489685
1153,Taxes on exports (% of tax revenue),0.27909019589424133
1049,High-technology exports (% of manufactured exports),0.2793179750442505
1015,Unemployment with intermediate education (% of total labor force with intermediate education),0.28032025694847107
1139,"Share of tariff lines with specific rates, manufactured products (%)",0.2807580232620239
89,DEC alternative conversion factor (LCU per US$),0.28497999906539917
677,"Self-employed, male (% of male employment) (modeled ILO estimate)",0.2853330969810486
779,"Number of surgical procedures (per 100,000 population)",0.2858573794364929
901,Liner shipping connectivity index (maximum value in 2004 = 100),0.2868027091026306
1134,Net barter terms of trade index (2000 = 100),0.28757476806640625
838,"Population, female (% of total)",0.2903313934803009
244,"Net secondary income (BoP, current US$)",0.29092711210250854
387,"Pupil-teacher ratio, upper secondary",0.2915109395980835
424,"Secondary education, vocational pupils (% female)",0.2922152876853943
909,"Railways, goods transported (million ton-km)",0.29520532488822937
73,Adjusted savings: particulate emission damage (current US$),0.2965920567512512
632,"Contributing family workers, male (% of male employment) (modeled ILO estimate)",0.2969004511833191
553,"Renewable internal freshwater resources, total (billion cubic meters)",0.29759880900382996
128,GDP growth (annual %),0.29823392629623413
606,S&P Global Equity Indices (annual % change),0.30069783329963684
612,Total reserves in months of imports,0.30102425813674927
247,Net secondary income (Net current transfers from abroad) (current US$),0.3018346428871155
600,"Portfolio investment, bonds (PPG + PNG) (NFL, current US$)",0.3021661043167114
426,Trained teachers in lower secondary education (% of total teachers),0.3059599995613098
675,Proportion of women subjected to physical and/or sexual violence in the last 12 months (% of women age 15-49),0.306233286857605
1079,Export volume index (2000 = 100),0.30931776762008667
1078,Export value index (2000 = 100),0.31209295988082886
959,Coverage of unemployment benefits and ALMP in 2nd quintile (% of population),0.3123354911804199
664,Nonpregnant and nonnursing women can do the same jobs as men (1=yes; 0=no),0.31523093581199646
1006,"Share of youth not in education, employment or training, female (% of female youth population)",0.31706708669662476
849,"Prevalence of overweight, weight for height, male (% of children under 5)",0.3182303309440613
1118,Merchandise exports to low- and middle-income economies outside region (% of total merchandise exports),0.31928494572639465
81,Changes in inventories (current US$),0.3201763927936554
625,"Children in employment, study and work, male (% of male children in employment, ages 7-14)",0.32059726119041443
1132,Merchandise imports from low- and middle-income economies within region (% of total merchandise imports),0.32077786326408386
287,"Transport services (% of service imports, BoP)",0.3238198757171631
1036,Income share held by third 20%,0.32708972692489624
747,"Hospital beds (per 1,000 people)",0.32726165652275085
447,CO2 emissions from gaseous fuel consumption (% of total),0.3283146023750305
227,Machinery and transport equipment (% of value added in manufacturing),0.33039259910583496
1125,Merchandise imports from low- and middle-income economies in East Asia & Pacific (% of total merchandise imports),0.33084389567375183
894,ICT goods imports (% total goods imports),0.3313227891921997
480,Ores and metals imports (% of merchandise imports),0.333737313747406
893,ICT goods exports (% of total goods exports),0.3381462097167969
631,"Contributing family workers, female (% of female employment) (modeled ILO estimate)",0.33976539969444275
68,Adjusted savings: net forest depletion (% of GNI),0.34304049611091614
1007,"Share of youth not in education, employment or training, male (% of male youth population)",0.34431135654449463
770,Newborns protected against tetanus (%),0.34454280138015747
143,GNI growth (annual %),0.3450831472873688
10,Agricultural raw materials exports (% of merchandise exports),0.34517067670822144
234,Net ODA received (% of GNI),0.3452560603618622
1035,Income share held by second 20%,0.3456732928752899
431,"Trained teachers in preprimary education, male (% of male teachers)",0.34784215688705444
36,Rural land area where elevation is below 5 meters (sq. km),0.34804534912109375
937,"Children in employment, unpaid family workers (% of children in employment, ages 7-14)",0.3492884635925293
215,"Industry (including construction), value added (% of GDP)",0.3494872450828552
708,Antiretroviral therapy coverage for PMTCT (% of pregnant women living with HIV),0.3521128296852112
666,"Part time employment, male (% of total male employment)",0.3523091673851013
950,Coverage of social insurance programs in richest quintile (% of population),0.3552836775779724
1158,Transport services (% of commercial service exports),0.3565087616443634
145,GNI per capita (constant LCU),0.3603578805923462
118,"Foreign direct investment, net (BoP, current US$)",0.36322057247161865
1008,"Share of youth not in education, employment or training, total (% of youth population)",0.3638724684715271
209,Imports of goods and services (annual % growth),0.3692057132720947
332,Expenditure on secondary education (% of government expenditure on education),0.37319284677505493
109,Final consumption expenditure (% of GDP),0.37538599967956543
1159,Transport services (% of commercial service imports),0.37733250856399536
1009,Unemployment with advanced education (% of total labor force with advanced education),0.38075149059295654
1119,Merchandise exports to low- and middle-income economies within region (% of total merchandise exports),0.3816755414009094
609,"Stocks traded, turnover ratio of domestic shares (%)",0.38863056898117065
745,"External health expenditure per capita, PPP (current international $)",0.39406871795654297
758,"Mortality from CVD, cancer, diabetes or CRD between exact ages 30 and 70 (%)",0.39592301845550537
1002,"Part time employment, total (% of total employment)",0.40335381031036377
337,"Government expenditure per student, secondary (% of GDP per capita)",0.404227614402771
939,"Children in employment, unpaid family workers, male (% of male children in employment, ages 7-14)",0.4079909324645996
45,"2005 PPP conversion factor, private consumption (LCU per international $)",0.4097752273082733
6,Agricultural methane emissions (% of total),0.409801721572876
430,"Trained teachers in preprimary education, female (% of female teachers)",0.41106152534484863
428,"Trained teachers in lower secondary education, male (% of male teachers)",0.4113094210624695
432,Trained teachers in primary education (% of total teachers),0.4134663939476013
254,"Personal remittances, received (% of GDP)",0.41729965806007385
44,"2005 PPP conversion factor, GDP (LCU per international $)",0.4301532804965973
958,Coverage of unemployment benefits and ALMP (% of population),0.4366793632507324
429,Trained teachers in preprimary education (% of total teachers),0.4377739429473877
251,"PPP conversion factor, GDP (LCU per international $)",0.4394837021827698
17,Arable land (hectares),0.4408584237098694
96,Exports of goods and services (annual % growth),0.4434821605682373
252,"PPP conversion factor, private consumption (LCU per international $)",0.44481033086776733
665,"Part time employment, female (% of total female employment)",0.45600706338882446
195,Households and NPISHs Final consumption expenditure (annual % growth),0.45718616247177124
587,GDP deflator: linked series (base year varies by country),0.45812004804611206
1165,Population in urban agglomerations of more than 1 million,0.4591243863105774
131,GDP per capita (current LCU),0.4661591053009033
130,GDP per capita (constant LCU),0.4680217206478119
146,GNI per capita (current LCU),0.4848073720932007
277,"Technical cooperation grants (BoP, current US$)",0.4873749315738678
1034,Income share held by lowest 20%,0.48781275749206543
181,Gross national expenditure (% of GDP),0.49211809039115906
1011,"Unemployment with advanced education, male (% of male labor force with advanced education)",0.49479997158050537
107,"External debt stocks (% of exports of goods, services and primary income)",0.49830445647239685
692,Women who believe a husband is justified in beating his wife (any of five reasons) (%),0.5073493123054504
1071,"Computer, communications and other services (% of commercial service exports)",0.5090803503990173
378,Primary school starting age (years),0.5108304023742676
697,Women who believe a husband is justified in beating his wife when she refuses sex with him (%),0.5141370296478271
454,Electricity production from hydroelectric sources (% of total),0.5188471674919128
374,"Primary education, pupils",0.520587146282196
433,"Trained teachers in primary education, female (% of female teachers)",0.5206125974655151
673,"Proportion of time spent on unpaid domestic and care work, female (% of 24 hour day)",0.5272741317749023
865,Proportion of population spending more than 25% of household consumption or income on out-of-pocket health care expenditure (%),0.5295653343200684
5,"Agricultural machinery, tractors per 100 sq. km of arable land",0.5405147075653076
960,Coverage of unemployment benefits and ALMP in 3rd quintile (% of population),0.5438775420188904
963,Coverage of unemployment benefits and ALMP in richest quintile (% of population),0.5448140501976013
303,"Current education expenditure, primary (% of total expenditure in primary public institutions)",0.5480961799621582
483,Renewable electricity output (% of total electricity output),0.5487560033798218
119,"Foreign direct investment, net inflows (% of GDP)",0.5592251420021057
20,Cereal yield (kg per hectare),0.5596920251846313
1126,Merchandise imports from low- and middle-income economies in Europe & Central Asia (% of total merchandise imports),0.559944748878479
744,External health expenditure per capita (current US$),0.5630037188529968
1113,Merchandise exports to low- and middle-income economies in Europe & Central Asia (% of total merchandise exports),0.564982533454895
201,Households and NPISHs Final consumption expenditure per capita growth (annual %),0.5681793689727783
871,"Smoking prevalence, total (ages 15+)",0.5716075897216797
694,Women who believe a husband is justified in beating his wife when she burns the food (%),0.574293851852417
693,Women who believe a husband is justified in beating his wife when she argues with him (%),0.5743141174316406
74,"Agriculture, forestry, and fishing, value added (annual % growth)",0.5750905275344849
635,"Employment in industry, female (% of female employment) (modeled ILO estimate)",0.5830148458480835
434,"Trained teachers in primary education, male (% of male teachers)",0.5877383947372437
1163,Population in largest city,0.5910220146179199
581,Deposit interest rate (%),0.6014268398284912
961,Coverage of unemployment benefits and ALMP in 4th quintile (% of population),0.6034849882125854
696,Women who believe a husband is justified in beating his wife when she neglects the children (%),0.6145390272140503
333,Expenditure on tertiary education (% of government expenditure on education),0.6320353150367737
575,"Claims on central government, etc. (% GDP)",0.6543256044387817
1033,Income share held by lowest 10%,0.6610578894615173
910,"Railways, passengers carried (million passenger-km)",0.68503737449646
8,Agricultural nitrous oxide emissions (% of total),0.6906342506408691
492,"Annual freshwater withdrawals, total (billion cubic meters)",0.6971911191940308
1131,Merchandise imports from low- and middle-income economies outside region (% of total merchandise imports),0.7174167633056641
884,Vitamin A supplementation coverage rate (% of children ages 6-59 months),0.7177950143814087
874,"Suicide mortality rate, female (per 100,000 female population)",0.7193363308906555
679,"Smoking prevalence, males (% of adults)",0.7344894409179688
695,Women who believe a husband is justified in beating his wife when she goes out without telling him (%),0.7430170178413391
760,"Mortality from CVD, cancer, diabetes or CRD between exact ages 30 and 70, male (%)",0.7461448311805725
133,GDP per capita growth (annual %),0.7669566869735718
11,Agricultural raw materials imports (% of merchandise imports),0.7726278901100159
85,"Communications, computer, etc. (% of service exports, BoP)",0.7818577289581299
504,CO2 emissions from residential buildings and commercial and public services (% of total fuel combustion),0.8272712230682373
369,"Preprimary education, duration (years)",0.8336355686187744
440,"Trained teachers in upper secondary education, male (% of male teachers)",0.8385049104690552
174,Gross fixed capital formation (annual % growth),0.8428575992584229
503,"CO2 emissions from other sectors, excluding residential buildings and commercial and public services (% of total fuel combustion)",0.846196174621582
469,Fuel imports (% of merchandise imports),0.8469391465187073
439,"Trained teachers in upper secondary education, female (% of female teachers)",0.8566321134567261
438,Trained teachers in upper secondary education (% of total teachers),0.8593149185180664
652,Law prohibits or invalidates child or early marriage (1=yes; 0=no),0.9242543578147888
475,Natural gas rents (% of GDP),0.9734975695610046
415,"Secondary education, duration (years)",1.021181344985962
33,Permanent cropland (% of land area),1.024025797843933
1128,Merchandise imports from low- and middle-income economies in Middle East & North Africa (% of total merchandise imports),1.0464847087860107
147,GNI per capita growth (annual %),1.1199767589569092
864,Proportion of population spending more than 10% of household consumption or income on out-of-pocket health care expenditure (%),1.1480118036270142
